# {"time_iso8601_last_update_rki": "2021-03-15T17:00:00+0000", "time_iso8601_last_update_rl": "2021-03-16T20:00:00+0000"}
ags,county_name,state,population,rl_cases_total,rl_cases_7di,rl_deaths_total,rki_cases_total,rki_cases_7di,rki_deaths_total
1001,SK Flensburg,Schleswig-Holstein,90164,1798,69.87,35,1789,69.87,35
1002,SK Kiel,Schleswig-Holstein,246794,3627,31.20,86,3627,35.66,86
1003,SK Lübeck,Schleswig-Holstein,216530,4461,34.18,89,4460,41.10,89
1004,SK Neumünster,Schleswig-Holstein,80196,1243,68.58,23,1233,51.12,21
1051,LK Dithmarschen,Schleswig-Holstein,133193,1384,27.78,41,1376,24.03,40
1053,LK Herzogtum Lauenburg,Schleswig-Holstein,198019,3399,60.60,99,3400,80.80,99
1054,LK Nordfriesland,Schleswig-Holstein,165951,2183,33.14,71,2177,31.94,71
1055,LK Ostholstein,Schleswig-Holstein,200539,2311,28.92,74,2310,33.91,74
1056,LK Pinneberg,Schleswig-Holstein,316103,7822,57.58,318,7808,65.17,318
1057,LK Plön,Schleswig-Holstein,128686,945,16.32,26,946,22.54,26
1058,LK Rendsburg-Eckernförde,Schleswig-Holstein,274098,2883,32.11,44,2859,30.65,44
1059,LK Schleswig-Flensburg,Schleswig-Holstein,201156,2256,49.71,52,2224,47.72,51
1060,LK Segeberg,Schleswig-Holstein,277175,4750,95.25,133,4675,87.31,131
1061,LK Steinburg,Schleswig-Holstein,131013,1495,41.22,28,1455,38.93,27
1062,LK Stormarn,Schleswig-Holstein,244156,5112,67.58,274,5087,74.54,272
2000,SK Hamburg,Hamburg,1847253,55484,93.44,1332,55266,82.93,1332
3101,SK Braunschweig,Niedersachsen,249406,4141,66.16,136,4134,66.56,132
3102,SK Salzgitter,Niedersachsen,104291,2950,209.03,56,2929,188.89,55
3103,SK Wolfsburg,Niedersachsen,124371,2188,53.07,72,2172,41.81,70
3151,LK Gifhorn,Niedersachsen,176523,3907,54.38,164,3907,52.12,164
3153,LK Goslar,Niedersachsen,136292,1780,22.01,119,1776,22.01,99
3154,LK Helmstedt,Niedersachsen,91297,1676,53.67,80,1660,40.53,79
3155,LK Northeim,Niedersachsen,132285,1611,30.24,36,1600,27.97,33
3157,LK Peine,Niedersachsen,134801,3595,143.17,88,3573,162.46,88
3158,LK Wolfenbüttel,Niedersachsen,119622,1822,39.29,82,1820,43.47,82
3159,LK Göttingen,Niedersachsen,326041,5758,38.34,209,5611,33.43,208
3241,Region Hannover,Niedersachsen,1157115,34421,118.23,869,34243,118.74,847
3251,LK Diepholz,Niedersachsen,217089,4781,64.49,88,4734,52.97,83
3252,LK Hameln-Pyrmont,Niedersachsen,148549,3067,91.55,82,3026,78.76,78
3254,LK Hildesheim,Niedersachsen,275817,6525,70.34,242,6438,67.44,242
3255,LK Holzminden,Niedersachsen,70458,1112,80.90,54,1099,78.06,54
3256,LK Nienburg (Weser),Niedersachsen,121390,2786,40.37,134,2779,42.84,131
3257,LK Schaumburg,Niedersachsen,157820,3088,88.71,48,3074,86.17,47
3351,LK Celle,Niedersachsen,179011,2910,105.58,51,2903,101.67,50
3352,LK Cuxhaven,Niedersachsen,198038,3248,68.67,136,3282,66.65,131
3353,LK Harburg,Niedersachsen,254431,4750,80.96,89,4719,83.32,89
3354,LK Lüchow-Dannenberg,Niedersachsen,48412,524,22.72,21,521,18.59,21
3355,LK Lüneburg,Niedersachsen,184139,2148,47.79,42,2127,38.56,42
3356,LK Osterholz,Niedersachsen,113928,1957,50.91,52,1956,48.28,52
3357,LK Rotenburg (Wümme),Niedersachsen,163782,2594,45.79,77,2598,40.30,76
3358,LK Heidekreis,Niedersachsen,140673,2321,28.43,93,2318,27.01,93
3359,LK Stade,Niedersachsen,204512,3246,66.99,105,3246,57.21,105
3360,LK Uelzen,Niedersachsen,92389,1557,50.87,97,1549,61.70,94
3361,LK Verden,Niedersachsen,137133,2752,35.00,43,2755,35.00,43
3401,SK Delmenhorst,Niedersachsen,77559,2396,88.96,57,2396,88.96,57
3402,SK Emden,Niedersachsen,49913,630,26.05,7,631,38.07,7
3403,SK Oldenburg,Niedersachsen,169077,2937,81.62,38,2736,63.88,38
3404,SK Osnabrück,Niedersachsen,165251,5071,153.10,85,4995,101.06,83
3405,SK Wilhelmshaven,Niedersachsen,76089,1296,84.11,40,1293,43.37,40
3451,LK Ammerland,Niedersachsen,124859,2113,84.09,47,2091,70.48,42
3452,LK Aurich,Niedersachsen,189694,2306,45.86,45,2297,45.86,45
3453,LK Cloppenburg,Niedersachsen,170682,7805,158.19,136,7785,154.09,136
3454,LK Emsland,Niedersachsen,326954,8350,96.65,144,8366,89.92,143
3455,LK Friesland,Niedersachsen,98704,1181,46.60,34,1179,45.59,33
3456,LK Grafschaft Bentheim,Niedersachsen,137162,3823,86.03,104,3823,86.03,104
3457,LK Leer,Niedersachsen,170756,2593,124.15,40,2586,121.81,40
3458,LK Oldenburg,Niedersachsen,130890,3590,55.01,101,3473,45.84,98
3459,LK Osnabrück,Niedersachsen,358080,11799,78.75,287,11606,60.88,258
3460,LK Vechta,Niedersachsen,142814,6093,127.44,84,6063,122.54,77
3461,LK Wesermarsch,Niedersachsen,88583,2295,138.85,90,2290,123.05,89
3462,LK Wittmund,Niedersachsen,56926,860,24.59,30,857,19.32,30
4011,SK Bremen,Bremen,567559,16389,71.89,315,16332,71.18,313
4012,SK Bremerhaven,Bremen,113643,2744,135.51,67,2725,121.43,66
5111,SK Düsseldorf,Nordrhein-Westfalen,621877,17853,59.18,298,17853,59.66,298
5112,SK Duisburg,Nordrhein-Westfalen,498686,20253,121.12,529,20283,122.32,529
5113,SK Essen,Nordrhein-Westfalen,582760,18757,91.98,500,18742,76.19,494
5114,SK Krefeld,Nordrhein-Westfalen,227417,7615,79.59,139,7615,80.91,139
5116,SK Mönchengladbach,Nordrhein-Westfalen,261034,7753,47.50,205,7753,46.74,205
5117,SK Mülheim a.d.Ruhr,Nordrhein-Westfalen,170632,5796,65.05,198,5776,57.43,198
5119,SK Oberhausen,Nordrhein-Westfalen,210764,7761,99.64,297,7761,93.94,297
5120,SK Remscheid,Nordrhein-Westfalen,111338,3908,107.78,132,3908,107.78,132
5122,SK Solingen,Nordrhein-Westfalen,159245,6650,106.13,147,6650,106.75,147
5124,SK Wuppertal,Nordrhein-Westfalen,355100,13750,118.56,388,13562,112.08,388
5154,LK Kleve,Nordrhein-Westfalen,312465,7491,108.81,141,7491,109.45,140
5158,LK Mettmann,Nordrhein-Westfalen,485570,16357,80.32,618,16382,81.14,618
5162,LK Rhein-Kreis Neuss,Nordrhein-Westfalen,451730,12262,85.45,271,12210,77.70,271
5166,LK Viersen,Nordrhein-Westfalen,298863,8411,57.55,258,8398,57.55,256
5170,LK Wesel,Nordrhein-Westfalen,459976,12326,71.31,225,12298,70.00,225
5314,SK Bonn,Nordrhein-Westfalen,329673,9829,49.75,203,9829,50.96,203
5315,SK Köln,Nordrhein-Westfalen,1087863,35886,109.20,552,35887,107.09,552
5316,SK Leverkusen,Nordrhein-Westfalen,163729,5063,79.40,76,5063,80.01,76
5334,StadtRegion Aachen,Nordrhein-Westfalen,557026,18970,93.17,481,18969,91.56,481
5358,LK Düren,Nordrhein-Westfalen,264638,9902,138.30,235,9842,126.21,234
5362,LK Rhein-Erft-Kreis,Nordrhein-Westfalen,470615,13001,91.79,330,12951,89.88,330
5366,LK Euskirchen,Nordrhein-Westfalen,193656,5348,46.99,204,5319,39.24,203
5370,LK Heinsberg,Nordrhein-Westfalen,255555,9055,54.00,340,8649,50.48,325
5374,LK Oberbergischer Kreis,Nordrhein-Westfalen,272057,9188,119.09,170,9188,118.36,170
5378,LK Rheinisch-Bergischer Kreis,Nordrhein-Westfalen,283271,7799,73.43,119,7799,73.78,119
5382,LK Rhein-Sieg-Kreis,Nordrhein-Westfalen,600764,16482,76.57,421,16385,74.24,421
5512,SK Bottrop,Nordrhein-Westfalen,117565,4009,45.93,92,4009,45.08,92
5513,SK Gelsenkirchen,Nordrhein-Westfalen,259645,10621,97.83,343,10621,92.43,343
5515,SK Münster,Nordrhein-Westfalen,315293,5801,56.46,101,5769,46.62,101
5554,LK Borken,Nordrhein-Westfalen,371339,9556,91.56,206,9577,91.02,206
5558,LK Coesfeld,Nordrhein-Westfalen,220586,4028,40.35,81,4006,40.35,76
5562,LK Recklinghausen,Nordrhein-Westfalen,614137,23074,82.23,728,23003,81.90,729
5566,LK Steinfurt,Nordrhein-Westfalen,448220,11069,77.64,270,11141,68.27,274
5570,LK Warendorf,Nordrhein-Westfalen,277840,8660,66.23,205,8659,66.59,205
5711,SK Bielefeld,Nordrhein-Westfalen,334195,10331,45.78,289,10331,42.49,288
5754,LK Gütersloh,Nordrhein-Westfalen,364938,13991,70.42,270,14206,66.31,270
5758,LK Herford,Nordrhein-Westfalen,250578,7824,108.95,147,7824,108.95,147
5762,LK Höxter,Nordrhein-Westfalen,140251,3996,35.65,130,3992,36.36,130
5766,LK Lippe,Nordrhein-Westfalen,347514,11842,80.00,326,11830,80.00,326
5770,LK Minden-Lübbecke,Nordrhein-Westfalen,310409,10766,114.37,236,10738,108.89,236
5774,LK Paderborn,Nordrhein-Westfalen,307839,6855,63.67,139,6792,58.15,139
5911,SK Bochum,Nordrhein-Westfalen,365587,11183,94.92,178,11137,88.62,178
5913,SK Dortmund,Nordrhein-Westfalen,588250,19266,79.56,317,19174,71.23,316
5914,SK Hagen,Nordrhein-Westfalen,188686,8019,111.30,253,8017,110.24,253
5915,SK Hamm,Nordrhein-Westfalen,179916,7166,99.49,162,7183,108.38,160
5916,SK Herne,Nordrhein-Westfalen,156449,6779,186.00,217,6778,157.88,217
5954,LK Ennepe-Ruhr-Kreis,Nordrhein-Westfalen,324106,9482,66.34,299,9507,63.56,298
5958,LK Hochsauerlandkreis,Nordrhein-Westfalen,259777,6440,70.45,161,6449,73.14,161
5962,LK Märkischer Kreis,Nordrhein-Westfalen,410222,13001,150.41,290,13001,150.41,290
5966,LK Olpe,Nordrhein-Westfalen,133955,4010,86.60,138,3989,74.65,137
5970,LK Siegen-Wittgenstein,Nordrhein-Westfalen,276944,7417,120.60,124,7418,119.52,124
5974,LK Soest,Nordrhein-Westfalen,301785,5928,69.59,157,5892,67.60,155
5978,LK Unna,Nordrhein-Westfalen,394891,13404,61.54,421,13388,66.35,420
6411,SK Darmstadt,Hessen,159878,4191,53.79,121,4191,50.04,121
6412,SK Frankfurt am Main,Hessen,763380,27701,101.26,622,27671,100.74,618
6413,SK Offenbach,Hessen,130280,6065,175.78,148,6069,178.08,147
6414,SK Wiesbaden,Hessen,278474,9148,68.59,218,9117,63.56,214
6431,LK Bergstraße,Hessen,270340,7904,103.94,286,7710,79.16,279
6432,LK Darmstadt-Dieburg,Hessen,297844,8153,62.11,269,8017,58.08,266
6433,LK Groß-Gerau,Hessen,275726,9922,106.99,250,9922,100.10,250
6434,LK Hochtaunuskreis,Hessen,236914,5763,84.00,168,5723,80.20,168
6435,LK Main-Kinzig-Kreis,Hessen,420552,15780,119.37,494,15786,114.14,494
6436,LK Main-Taunus-Kreis,Hessen,238558,6412,72.10,174,6223,67.91,145
6437,LK Odenwaldkreis,Hessen,96703,3255,58.94,157,3255,58.94,157
6438,LK Offenbach,Hessen,355813,13229,120.85,453,13229,125.07,439
6439,LK Rheingau-Taunus-Kreis,Hessen,187160,5214,75.34,153,5212,75.87,148
6440,LK Wetteraukreis,Hessen,308339,9507,87.89,484,9507,75.57,440
6531,LK Gießen,Hessen,270688,9231,111.20,331,9147,98.27,324
6532,LK Lahn-Dill-Kreis,Hessen,253319,7966,156.32,177,7946,147.25,171
6533,LK Limburg-Weilburg,Hessen,171912,6083,100.63,240,6068,84.35,239
6534,LK Marburg-Biedenkopf,Hessen,247084,7290,107.66,234,7330,104.01,231
6535,LK Vogelsbergkreis,Hessen,105643,2657,44.49,97,2658,45.44,97
6611,SK Kassel,Hessen,202137,5312,80.64,141,5300,79.65,141
6631,LK Fulda,Hessen,223145,8631,112.93,213,8627,112.48,213
6632,LK Hersfeld-Rotenburg,Hessen,120719,3514,91.95,123,3505,92.78,122
6633,LK Kassel,Hessen,236764,5439,43.50,181,5430,43.93,180
6634,LK Schwalm-Eder-Kreis,Hessen,179673,4720,30.05,208,4699,36.73,205
6635,LK Waldeck-Frankenberg,Hessen,156406,4404,78.64,129,4399,70.33,122
6636,LK Werra-Meißner-Kreis,Hessen,100629,2471,90.43,136,2396,78.51,128
7111,SK Koblenz,Rheinland-Pfalz,114052,3190,54.36,124,3199,50.85,113
7131,LK Ahrweiler,Rheinland-Pfalz,130086,3237,107.62,46,3223,102.24,46
7132,LK Altenkirchen,Rheinland-Pfalz,128805,2969,159.93,73,2949,142.08,71
7133,LK Bad Kreuznach,Rheinland-Pfalz,158345,4314,25.26,121,4302,23.37,121
7134,LK Birkenfeld,Rheinland-Pfalz,80951,2313,38.29,81,2312,42.00,81
7135,LK Cochem-Zell,Rheinland-Pfalz,61375,1561,13.03,48,1565,11.41,47
7137,LK Mayen-Koblenz,Rheinland-Pfalz,214434,4685,42.90,142,4675,47.10,135
7138,LK Neuwied,Rheinland-Pfalz,182811,5514,91.35,107,5469,80.96,103
7140,LK Rhein-Hunsrück-Kreis,Rheinland-Pfalz,103163,2667,58.16,81,2677,58.16,80
7141,LK Rhein-Lahn-Kreis,Rheinland-Pfalz,122297,2857,67.87,91,2849,66.23,91
7143,LK Westerwaldkreis,Rheinland-Pfalz,201904,4806,87.17,122,4755,78.26,121
7211,SK Trier,Rheinland-Pfalz,111528,1930,44.83,23,1927,38.56,21
7231,LK Bernkastel-Wittlich,Rheinland-Pfalz,112483,2159,55.12,57,2143,48.90,57
7232,LK Bitburg-Prüm,Rheinland-Pfalz,99058,2457,70.67,20,2435,64.61,21
7233,LK Vulkaneifel,Rheinland-Pfalz,60646,1472,24.73,56,1471,21.44,56
7235,LK Trier-Saarburg,Rheinland-Pfalz,149398,3289,61.58,84,3274,55.56,84
7311,SK Frankenthal,Rheinland-Pfalz,48762,1586,184.57,46,1574,168.16,45
7312,SK Kaiserslautern,Rheinland-Pfalz,100030,2437,40.99,85,2490,40.99,84
7313,SK Landau i.d.Pfalz,Rheinland-Pfalz,46881,1168,49.06,32,1153,49.06,33
7314,SK Ludwigshafen,Rheinland-Pfalz,172253,7127,87.08,302,7101,78.37,302
7315,SK Mainz,Rheinland-Pfalz,218578,6965,58.10,169,6940,53.53,168
7316,SK Neustadt a.d.Weinstraße,Rheinland-Pfalz,53264,1283,37.55,33,1259,30.04,33
7317,SK Pirmasens,Rheinland-Pfalz,40231,923,169.02,50,939,169.02,50
7318,SK Speyer,Rheinland-Pfalz,50561,2049,43.51,80,2044,35.60,80
7319,SK Worms,Rheinland-Pfalz,83542,2652,50.27,80,2647,52.67,80
7320,SK Zweibrücken,Rheinland-Pfalz,34193,505,52.64,3,501,49.72,3
7331,LK Alzey-Worms,Rheinland-Pfalz,129687,3445,31.61,109,3441,33.16,109
7332,LK Bad Dürkheim,Rheinland-Pfalz,132671,3259,66.33,137,3229,56.53,137
7333,LK Donnersbergkreis,Rheinland-Pfalz,75325,1672,62.40,54,1663,49.12,53
7334,LK Germersheim,Rheinland-Pfalz,129013,3861,101.54,107,3835,96.11,106
7335,LK Kaiserslautern,Rheinland-Pfalz,105979,2894,24.53,62,2778,14.15,61
7336,LK Kusel,Rheinland-Pfalz,70219,1620,24.21,59,1619,24.21,59
7337,LK Südliche Weinstraße,Rheinland-Pfalz,110521,2585,50.67,108,2579,44.34,105
7338,LK Rhein-Pfalz-Kreis,Rheinland-Pfalz,154609,4868,97.67,206,4852,92.49,206
7339,LK Mainz-Bingen,Rheinland-Pfalz,211417,5319,43.04,191,5306,42.10,191
7340,LK Südwestpfalz,Rheinland-Pfalz,94831,1871,112.83,67,1867,100.18,68
8111,SK Stuttgart,Baden-Württemberg,635911,19702,61.80,355,19502,57.08,355
8115,LK Böblingen,Baden-Württemberg,392807,11689,60.33,229,11686,51.17,243
8116,LK Esslingen,Baden-Württemberg,535024,17754,106.35,425,17518,102.80,459
8117,LK Göppingen,Baden-Württemberg,258145,7763,105.75,159,7767,111.57,158
8118,LK Ludwigsburg,Baden-Württemberg,545423,17813,71.87,420,17727,60.69,421
8119,LK Rems-Murr-Kreis,Baden-Württemberg,427248,13269,54.07,308,13209,45.17,307
8121,SK Heilbronn,Baden-Württemberg,126592,5826,63.20,118,5817,62.41,118
8125,LK Heilbronn,Baden-Württemberg,344456,10335,79.84,184,10264,79.26,184
8126,LK Hohenlohekreis,Baden-Württemberg,112655,3396,102.97,107,3395,105.63,107
8127,LK Schwäbisch Hall,Baden-Württemberg,196761,6586,253.10,164,6273,209.90,162
8128,LK Main-Tauber-Kreis,Baden-Württemberg,132399,3454,93.66,74,3434,83.84,74
8135,LK Heidenheim,Baden-Württemberg,132777,3442,44.44,139,3429,39.92,139
8136,LK Ostalbkreis,Baden-Württemberg,314025,9862,70.06,286,9703,70.38,286
8211,SK Baden-Baden,Baden-Württemberg,55185,1355,86.98,51,1326,61.61,48
8212,SK Karlsruhe,Baden-Württemberg,312060,7180,105.43,167,7120,95.17,167
8215,LK Karlsruhe,Baden-Württemberg,445101,12691,88.97,401,12574,88.74,401
8216,LK Rastatt,Baden-Württemberg,231420,6240,142.17,124,6135,127.47,120
8221,SK Heidelberg,Baden-Württemberg,161485,4001,48.92,54,4002,51.40,53
8222,SK Mannheim,Baden-Württemberg,310658,11451,112.99,258,11415,116.53,258
8225,LK Neckar-Odenwald-Kreis,Baden-Württemberg,143633,4444,45.95,124,4428,45.95,124
8226,LK Rhein-Neckar-Kreis,Baden-Württemberg,548355,15911,63.28,363,15941,64.01,360
8231,SK Pforzheim,Baden-Württemberg,125957,5492,70.66,174,5403,57.96,162
8235,LK Calw,Baden-Württemberg,159201,5985,76.63,154,5897,75.38,151
8236,LK Enzkreis,Baden-Württemberg,199556,6586,58.63,222,6559,47.61,215
8237,LK Freudenstadt,Baden-Württemberg,118243,3567,120.09,131,3519,114.17,133
8311,SK Freiburg i.Breisgau,Baden-Württemberg,231195,5636,45.85,140,5581,41.52,134
8315,LK Breisgau-Hochschwarzwald,Baden-Württemberg,263601,6586,69.42,165,6532,66.77,160
8316,LK Emmendingen,Baden-Württemberg,166408,4617,126.20,139,4585,103.36,138
8317,LK Ortenaukreis,Baden-Württemberg,430953,13379,79.13,487,13297,64.28,485
8325,LK Rottweil,Baden-Württemberg,139878,5296,34.32,144,5287,30.03,144
8326,LK Schwarzwald-Baar-Kreis,Baden-Württemberg,212506,6351,52.70,180,6350,52.23,180
8327,LK Tuttlingen,Baden-Württemberg,140766,5021,103.72,114,5005,100.17,114
8335,LK Konstanz,Baden-Württemberg,286305,7813,119.80,243,7717,112.47,238
8336,LK Lörrach,Baden-Württemberg,228736,7691,76.51,243,7666,76.51,245
8337,LK Waldshut,Baden-Württemberg,171003,5575,88.30,196,5269,69.59,181
8415,LK Reutlingen,Baden-Württemberg,287034,9432,89.54,238,9327,64.10,232
8416,LK Tübingen,Baden-Württemberg,228678,6427,47.23,165,6308,41.11,165
8417,LK Zollernalbkreis,Baden-Württemberg,189363,5687,47.00,151,5663,42.25,151
8421,SK Ulm,Baden-Württemberg,126790,3712,52.84,64,3693,55.21,64
8425,LK Alb-Donau-Kreis,Baden-Württemberg,197076,5982,116.71,158,5875,110.11,158
8426,LK Biberach,Baden-Württemberg,201282,5244,65.08,137,5217,66.08,137
8435,LK Bodenseekreis,Baden-Württemberg,217470,5193,69.89,138,5153,56.10,137
8436,LK Ravensburg,Baden-Württemberg,285424,7299,68.32,115,7045,61.31,103
8437,LK Sigmaringen,Baden-Württemberg,130849,3392,116.16,67,3311,100.12,66
9161,SK Ingolstadt,Bayern,137392,4209,52.40,92,4191,45.85,92
9162,SK München,Bayern,1484226,55933,63.80,1095,55861,66.70,1095
9163,SK Rosenheim,Bayern,63551,3079,199.84,53,3079,204.56,53
9171,LK Altötting,Bayern,111516,4243,93.26,187,4226,107.61,182
9172,LK Berchtesgadener Land,Bayern,105929,4605,117.06,96,4605,113.28,96
9173,LK Bad Tölz-Wolfratshausen,Bayern,127917,3650,47.69,59,3644,47.69,59
9174,LK Dachau,Bayern,154899,6019,93.61,127,5992,84.57,127
9175,LK Ebersberg,Bayern,143649,4928,74.49,170,4928,74.49,170
9176,LK Eichstätt,Bayern,132881,3474,24.83,71,3447,22.58,70
9177,LK Erding,Bayern,138182,5414,68.75,103,5316,61.51,102
9178,LK Freising,Bayern,180007,5944,66.11,111,5944,65.55,110
9179,LK Fürstenfeldbruck,Bayern,219311,7434,58.82,121,7357,59.73,120
9180,LK Garmisch-Partenkirchen,Bayern,88424,2965,81.43,82,2618,52.02,80
9181,LK Landsberg a.Lech,Bayern,120302,3096,37.41,57,3096,35.74,57
9182,LK Miesbach,Bayern,100010,3324,65.99,57,3314,69.99,57
9183,LK Mühldorf a.Inn,Bayern,115872,4868,92.34,128,4874,94.93,127
9184,LK München,Bayern,350473,11688,81.60,272,11742,65.05,272
9185,LK Neuburg-Schrobenhausen,Bayern,97303,2898,81.19,65,2824,76.05,64
9186,LK Pfaffenhofen a.d.Ilm,Bayern,128227,3964,80.33,147,3963,79.55,147
9187,LK Rosenheim,Bayern,261330,11133,81.51,425,11133,83.80,425
9188,LK Starnberg,Bayern,136667,3904,74.63,102,3866,56.34,99
9189,LK Traunstein,Bayern,177319,7902,140.42,194,7853,128.58,194
9190,LK Weilheim-Schongau,Bayern,135478,3470,81.19,54,3454,78.24,52
9261,SK Landshut,Bayern,73411,2868,145.75,96,2868,148.48,96
9262,SK Passau,Bayern,52803,2871,155.29,114,2859,155.29,108
9263,SK Straubing,Bayern,47791,1621,117.18,77,1621,117.18,77
9271,LK Deggendorf,Bayern,119478,4632,100.44,125,4632,101.27,125
9272,LK Freyung-Grafenau,Bayern,78362,3756,135.27,108,3756,135.27,108
9273,LK Kelheim,Bayern,123058,3513,108.89,83,3430,104.83,83
9274,LK Landshut,Bayern,159895,5348,106.32,151,5349,105.69,151
9275,LK Passau,Bayern,192656,10556,121.46,358,10515,113.16,333
9276,LK Regen,Bayern,77410,4452,120.14,156,4450,113.68,153
9277,LK Rottal-Inn,Bayern,121502,5422,68.31,157,5425,70.78,157
9278,LK Straubing-Bogen,Bayern,101120,3689,115.70,123,3690,113.73,123
9279,LK Dingolfing-Landau,Bayern,96683,3536,114.81,76,3533,108.60,76
9361,SK Amberg,Bayern,42207,1116,201.39,16,1116,199.02,16
9362,SK Regensburg,Bayern,153094,4672,169.83,65,4672,145.01,65
9363,SK Weiden i.d.OPf.,Bayern,42743,2293,138.03,69,2293,135.69,69
9371,LK Amberg-Sulzbach,Bayern,103049,3441,160.12,127,3441,156.24,127
9372,LK Cham,Bayern,127998,4404,200.00,124,4404,200.00,124
9373,LK Neumarkt i.d.OPf.,Bayern,134573,4589,79.51,109,4349,67.62,109
9374,LK Neustadt a.d.Waldnaab,Bayern,94450,4338,142.93,149,4338,136.58,149
9375,LK Regensburg,Bayern,194070,5284,39.68,155,5284,75.75,155
9376,LK Schwandorf,Bayern,147872,5669,235.34,122,5669,208.29,120
9377,LK Tirschenreuth,Bayern,72046,4653,209.59,240,4647,198.48,241
9461,SK Bamberg,Bayern,77373,2256,71.08,97,2252,73.67,97
9462,SK Bayreuth,Bayern,74783,2471,104.30,100,2453,104.30,97
9463,SK Coburg,Bayern,41072,1675,75.48,86,1662,46.26,86
9464,SK Hof,Bayern,45825,2595,292.42,78,2595,292.42,78
9471,LK Bamberg,Bayern,147163,3960,42.81,123,3905,41.45,123
9472,LK Bayreuth,Bayern,103664,3648,123.48,132,3676,121.55,131
9473,LK Coburg,Bayern,86747,3411,50.72,142,3397,41.50,142
9474,LK Forchheim,Bayern,116203,3631,64.54,98,3602,81.75,98
9475,LK Hof,Bayern,94801,4206,129.75,116,4206,129.75,116
9476,LK Kronach,Bayern,66743,2525,233.73,75,2492,208.26,75
9477,LK Kulmbach,Bayern,71566,2835,311.60,96,2767,273.87,96
9478,LK Lichtenfels,Bayern,66776,2410,109.32,60,2348,104.83,61
9479,LK Wunsiedel i.Fichtelgebirge,Bayern,72655,4125,221.60,174,4106,224.35,174
9561,SK Ansbach,Bayern,41798,1392,112.45,43,1345,98.09,41
9562,SK Erlangen,Bayern,112528,2956,72.87,88,2955,68.43,87
9563,SK Fürth,Bayern,128497,5217,122.18,181,5204,130.74,181
9564,SK Nürnberg,Bayern,518370,24899,124.81,826,24899,127.52,821
9565,SK Schwabach,Bayern,40981,1642,102.49,100,1642,82.97,100
9571,LK Ansbach,Bayern,184591,5524,119.72,162,5355,85.59,148
9572,LK Erlangen-Höchstadt,Bayern,137262,3856,88.88,113,3856,85.97,113
9573,LK Fürth,Bayern,117853,4015,100.12,182,4000,100.97,182
9574,LK Nürnberger Land,Bayern,170792,5208,76.70,169,5162,76.70,157
9575,LK Neustadt a.d.Aisch-Bad Windsheim,Bayern,101014,2942,73.26,83,2934,74.25,82
9576,LK Roth,Bayern,126749,4147,86.00,160,4147,81.26,160
9577,LK Weißenburg-Gunzenhausen,Bayern,94734,2670,26.39,105,2671,27.45,105
9661,SK Aschaffenburg,Bayern,71002,2393,122.53,95,2393,107.04,94
9662,SK Schweinfurt,Bayern,53426,1602,104.82,65,1602,104.82,62
9663,SK Würzburg,Bayern,127934,3144,60.97,100,3144,61.75,99
9671,LK Aschaffenburg,Bayern,174200,6011,77.50,188,6011,78.65,188
9672,LK Bad Kissingen,Bayern,103235,2464,91.05,82,2456,90.09,82
9673,LK Rhön-Grabfeld,Bayern,79635,2244,66.55,67,2244,66.55,67
9674,LK Haßberge,Bayern,84384,2527,61.62,69,2520,59.25,69
9675,LK Kitzingen,Bayern,91155,2258,20.84,80,2250,20.84,80
9676,LK Miltenberg,Bayern,128743,4450,73.79,113,4419,72.24,113
9677,LK Main-Spessart,Bayern,126158,3465,137.92,186,3457,134.75,186
9678,LK Schweinfurt,Bayern,115445,3478,60.63,109,3478,60.63,113
9679,LK Würzburg,Bayern,162302,3176,53.60,61,3176,54.84,60
9761,SK Augsburg,Bayern,296582,12747,75.53,346,12522,71.14,346
9762,SK Kaufbeuren,Bayern,44398,1597,92.35,46,1527,72.08,47
9763,SK Kempten,Bayern,69151,1643,53.51,37,1643,52.06,34
9764,SK Memmingen,Bayern,44100,1277,52.15,19,1277,52.15,19
9771,LK Aichach-Friedberg,Bayern,134655,3599,38.62,89,3601,37.87,87
9772,LK Augsburg,Bayern,253468,8001,66.68,177,8008,67.86,177
9773,LK Dillingen a.d.Donau,Bayern,96562,2627,47.64,102,2614,47.64,100
9774,LK Günzburg,Bayern,127027,4482,44.87,95,4482,40.94,95
9775,LK Neu-Ulm,Bayern,175204,5051,43.95,104,5051,43.38,104
9776,LK Lindau,Bayern,81981,2480,84.17,57,2476,84.17,57
9777,LK Ostallgäu,Bayern,141182,4165,135.99,107,4180,123.25,106
9778,LK Unterallgäu,Bayern,145341,4391,127.29,115,4369,123.16,115
9779,LK Donau-Ries,Bayern,133783,3744,65.03,136,3728,56.81,142
9780,LK Oberallgäu,Bayern,156008,3942,74.36,59,3942,72.43,57
10041,LK Stadtverband Saarbrücken,Saarland,328714,11648,65.10,441,11617,62.97,429
10042,LK Merzig-Wadern,Saarland,103243,2590,46.49,45,2646,37.77,45
10043,LK Neunkirchen,Saarland,131408,3801,79.14,103,3756,59.36,101
10044,LK Saarlouis,Saarland,194319,6252,55.06,141,6239,54.03,141
10045,LK Saar-Pfalz-Kreis,Saarland,142196,3456,58.37,96,3393,49.93,94
10046,LK Sankt Wendel,Saarland,87007,2526,59.77,103,2511,50.57,104
11000,Berlin,Berlin,3669491,135779,93.47,2947,135111,82.14,2941
11001,SK Berlin Mitte,Berlin,380917,,,,17103,92.15,272
11002,SK Berlin Friedrichshain-Kreuzberg,Berlin,290083,,,,11323,75.84,137
11003,SK Berlin Pankow,Berlin,409454,,,,11603,65.94,195
11004,SK Berlin Charlottenburg-Wilmersdorf,Berlin,342950,,,,11549,73.19,246
11005,SK Berlin Spandau,Berlin,244458,,,,10111,86.31,224
11006,SK Berlin Steglitz-Zehlendorf,Berlin,308582,,,,10005,80.04,215
11007,SK Berlin Tempelhof-Schöneberg,Berlin,351062,,,,13622,93.15,418
11008,SK Berlin Neukölln,Berlin,328666,,,,15977,84.28,362
11009,SK Berlin Treptow-Köpenick,Berlin,273817,,,,7385,69.39,168
11010,SK Berlin Marzahn-Hellersdorf,Berlin,271311,,,,7613,76.30,218
11011,SK Berlin Lichtenberg,Berlin,294937,,,,8332,74.25,225
11012,SK Berlin Reinickendorf,Berlin,266219,,,,10488,91.65,261
12051,SK Brandenburg a.d.Havel,Brandenburg,72184,1649,52.64,72,1635,56.80,72
12052,SK Cottbus,Brandenburg,99678,4512,108.35,174,4490,95.31,175
12053,SK Frankfurt (Oder),Brandenburg,57751,1533,31.17,89,1533,31.17,89
12054,SK Potsdam,Brandenburg,180334,5366,54.90,227,5217,59.33,227
12060,LK Barnim,Brandenburg,185244,4450,59.38,182,4450,55.60,182
12061,LK Dahme-Spreewald,Brandenburg,170791,5370,69.68,214,5370,69.09,215
12062,LK Elbe-Elster,Brandenburg,101827,5243,165.97,190,5243,165.97,190
12063,LK Havelland,Brandenburg,162996,4369,55.83,160,4371,56.44,160
12064,LK Märkisch-Oderland,Brandenburg,195751,4966,73.56,231,4984,71.01,227
12065,LK Oberhavel,Brandenburg,212914,6125,137.61,221,6125,137.61,221
12066,LK Oberspreewald-Lausitz,Brandenburg,109371,5741,147.21,244,5741,148.12,244
12067,LK Oder-Spree,Brandenburg,178803,5856,83.33,255,5800,82.21,255
12068,LK Ostprignitz-Ruppin,Brandenburg,98861,3448,59.68,151,3249,58.67,126
12069,LK Potsdam-Mittelmark,Brandenburg,216566,6009,64.65,174,5976,62.80,173
12070,LK Prignitz,Brandenburg,76158,2508,81.41,137,2491,78.78,136
12071,LK Spree-Neiße,Brandenburg,113720,5848,62.43,169,5848,65.07,169
12072,LK Teltow-Fläming,Brandenburg,169997,4988,97.06,175,4988,94.71,175
12073,LK Uckermark,Brandenburg,118947,2847,35.31,141,2847,36.15,141
13003,SK Rostock,Mecklenburg-Vorpommern,209191,1639,19.12,27,1632,21.99,27
13004,SK Schwerin,Mecklenburg-Vorpommern,95653,1850,86.77,90,1825,69.00,90
13071,LK Mecklenburgische Seenplatte,Mecklenburg-Vorpommern,258074,5624,43.01,130,5587,41.07,129
13072,LK Rostock,Mecklenburg-Vorpommern,215794,2573,76.93,79,2523,68.12,77
13073,LK Vorpommern-Rügen,Mecklenburg-Vorpommern,224702,2350,49.40,59,2332,42.72,59
13074,LK Nordwestmecklenburg,Mecklenburg-Vorpommern,157322,2468,96.62,50,2426,95.98,50
13075,LK Vorpommern-Greifswald,Mecklenburg-Vorpommern,235623,6378,117.99,187,6346,102.71,185
13076,LK Ludwigslust-Parchim,Mecklenburg-Vorpommern,211779,4216,93.49,194,4152,82.16,194
14511,SK Chemnitz,Sachsen,246334,10826,124.63,391,10803,114.48,391
14521,LK Erzgebirgskreis,Sachsen,334948,21689,163.61,632,21608,147.78,629
14522,LK Mittelsachsen,Sachsen,304099,16287,126.93,586,16052,108.52,572
14523,LK Vogtlandkreis,Sachsen,225997,13225,377.88,589,13041,307.08,568
14524,LK Zwickau,Sachsen,315002,18476,180.63,886,18411,158.73,845
14612,SK Dresden,Sachsen,556780,23095,84.23,950,22968,71.30,948
14625,LK Bautzen,Sachsen,299758,19705,109.42,781,20085,102.75,776
14626,LK Görlitz,Sachsen,252725,15431,119.10,980,15383,96.94,978
14627,LK Meißen,Sachsen,241717,13299,111.70,552,13283,102.60,552
14628,LK Sächsische Schweiz-Osterzgebirge,Sachsen,245586,15696,116.86,857,15525,84.70,846
14713,SK Leipzig,Sachsen,593145,15968,58.50,449,15868,57.32,446
14729,LK Leipzig,Sachsen,258139,10892,78.64,260,10791,65.47,260
14730,LK Nordsachsen,Sachsen,197741,9763,187.62,315,9715,133.00,315
15001,SK Dessau-Roßlau,Sachsen-Anhalt,80103,2261,101.12,89,2229,87.39,89
15002,SK Halle,Sachsen-Anhalt,238762,7874,163.76,274,7786,159.15,267
15003,SK Magdeburg,Sachsen-Anhalt,237565,4362,80.82,87,4318,81.66,85
15081,LK Altmarkkreis Salzwedel,Sachsen-Anhalt,83173,1580,44.49,55,1561,30.06,60
15082,LK Anhalt-Bitterfeld,Sachsen-Anhalt,158486,4657,99.06,126,4662,80.76,126
15083,LK Börde,Sachsen-Anhalt,170923,3982,118.18,111,3965,108.82,111
15084,LK Burgenlandkreis,Sachsen-Anhalt,178846,8686,211.36,459,8568,197.94,455
15085,LK Harz,Sachsen-Anhalt,213310,5270,123.29,225,5250,121.42,224
15086,LK Jerichower Land,Sachsen-Anhalt,89589,2321,125.02,119,2297,112.74,119
15087,LK Mansfeld-Südharz,Sachsen-Anhalt,134942,4210,54.84,162,4200,52.62,161
15088,LK Saalekreis,Sachsen-Anhalt,183815,6668,126.21,263,6647,118.60,260
15089,LK Salzlandkreis,Sachsen-Anhalt,189125,6302,81.43,283,6277,76.14,267
15090,LK Stendal,Sachsen-Anhalt,111190,2847,82.74,165,2693,85.44,139
15091,LK Wittenberg,Sachsen-Anhalt,124953,4903,97.64,225,4882,97.64,221
16051,SK Erfurt,Thüringen,213981,5645,100.01,213,5612,96.74,209
16052,SK Gera,Thüringen,93125,3329,143.89,120,3329,139.60,120
16053,SK Jena,Thüringen,111343,3051,61.07,62,3041,58.38,59
16054,SK Suhl,Thüringen,36789,1473,222.89,89,1473,214.74,89
16055,SK Weimar,Thüringen,65228,1849,59.79,92,1841,50.59,93
16056,SK Eisenach,Thüringen,42250,1119,134.91,49,1119,139.64,49
16061,LK Eichsfeld,Thüringen,100006,4509,133.99,169,4499,121.99,151
16062,LK Nordhausen,Thüringen,83416,1835,70.73,46,1773,55.15,46
16063,LK Wartburgkreis,Thüringen,118974,4658,158.86,161,4658,271.49,161
16064,LK Unstrut-Hainich-Kreis,Thüringen,102232,4957,152.59,210,4947,151.62,210
16065,LK Kyffhäuserkreis,Thüringen,74212,2427,183.26,108,2427,183.26,108
16066,LK Schmalkalden-Meiningen,Thüringen,124916,6778,338.63,260,6745,301.80,250
16067,LK Gotha,Thüringen,134908,5252,207.55,188,4855,194.21,168
16068,LK Sömmerda,Thüringen,69427,2444,162.76,96,2444,158.44,96
16069,LK Hildburghausen,Thüringen,63197,4034,126.59,199,4034,126.59,199
16070,LK Ilm-Kreis,Thüringen,106249,3796,194.83,154,3796,194.83,154
16071,LK Weimarer Land,Thüringen,82156,2629,114.42,55,2595,92.51,51
16072,LK Sonneberg,Thüringen,57717,2823,79.70,145,2823,67.57,145
16073,LK Saalfeld-Rudolstadt,Thüringen,103199,4688,103.68,224,4688,100.78,224
16074,LK Saale-Holzland-Kreis,Thüringen,82950,3096,128.99,79,3088,127.79,79
16075,LK Saale-Orla-Kreis,Thüringen,80312,4038,237.82,101,4038,249.03,101
16076,LK Greiz,Thüringen,97398,4537,542.11,130,4414,490.77,122
16077,LK Altenburger Land,Thüringen,89393,5037,170.04,212,5037,178.98,212
